{
  "Fetch Products-1" : {
    "transaction" : "Fetch Products-1",
    "sampleCount" : 600,
    "errorCount" : 0,
    "errorPct" : 0.0,
    "meanResTime" : 943.31,
    "medianResTime" : 902.5,
    "minResTime" : 340.0,
    "maxResTime" : 4476.0,
    "pct1ResTime" : 1208.9,
    "pct2ResTime" : 1363.6999999999996,
    "pct3ResTime" : 4058.660000000013,
    "throughput" : 4.208281898776793,
    "receivedKBytesPerSec" : 5.6713174026484126,
    "sentKBytesPerSec" : 1.2835807744641454
  },
  "Register Account-1" : {
    "transaction" : "Register Account-1",
    "sampleCount" : 400,
    "errorCount" : 200,
    "errorPct" : 50.0,
    "meanResTime" : 895.9799999999999,
    "medianResTime" : 870.0,
    "minResTime" : 380.0,
    "maxResTime" : 4508.0,
    "pct1ResTime" : 1115.6000000000001,
    "pct2ResTime" : 1177.8,
    "pct3ResTime" : 3954.5400000000004,
    "throughput" : 2.9167699689364,
    "receivedKBytesPerSec" : 2.8355903360119004,
    "sentKBytesPerSec" : 0.9143390234654144
  },
  "Fetch Products-0" : {
    "transaction" : "Fetch Products-0",
    "sampleCount" : 600,
    "errorCount" : 0,
    "errorPct" : 0.0,
    "meanResTime" : 25.163333333333334,
    "medianResTime" : 24.0,
    "minResTime" : 18.0,
    "maxResTime" : 60.0,
    "pct1ResTime" : 28.0,
    "pct2ResTime" : 44.94999999999993,
    "pct3ResTime" : 54.0,
    "throughput" : 4.2306553285103865,
    "receivedKBytesPerSec" : 1.7627730535459942,
    "sentKBytesPerSec" : 1.5975130797760573
  },
  "Fetch Order By Product ID-0" : {
    "transaction" : "Fetch Order By Product ID-0",
    "sampleCount" : 200,
    "errorCount" : 0,
    "errorPct" : 0.0,
    "meanResTime" : 24.77,
    "medianResTime" : 23.5,
    "minResTime" : 19.0,
    "maxResTime" : 51.0,
    "pct1ResTime" : 30.0,
    "pct2ResTime" : 37.89999999999998,
    "pct3ResTime" : 49.0,
    "throughput" : 1.494947078873408,
    "receivedKBytesPerSec" : 0.6160817063325958,
    "sentKBytesPerSec" : 0.490529510255337
  },
  "Delete Order By ID" : {
    "transaction" : "Delete Order By ID",
    "sampleCount" : 200,
    "errorCount" : 0,
    "errorPct" : 0.0,
    "meanResTime" : 916.8449999999999,
    "medianResTime" : 771.5,
    "minResTime" : 467.0,
    "maxResTime" : 4616.0,
    "pct1ResTime" : 1603.3,
    "pct2ResTime" : 1666.8499999999997,
    "pct3ResTime" : 4557.63000000001,
    "throughput" : 1.4559855566232782,
    "receivedKBytesPerSec" : 0.9597561042194461,
    "sentKBytesPerSec" : 0.9953026265979441
  },
  "Register Account-0" : {
    "transaction" : "Register Account-0",
    "sampleCount" : 400,
    "errorCount" : 0,
    "errorPct" : 0.0,
    "meanResTime" : 24.24,
    "medianResTime" : 23.0,
    "minResTime" : 18.0,
    "maxResTime" : 68.0,
    "pct1ResTime" : 26.0,
    "pct2ResTime" : 33.0,
    "pct3ResTime" : 54.98000000000002,
    "throughput" : 2.941089967942119,
    "receivedKBytesPerSec" : 1.1689683759301197,
    "sentKBytesPerSec" : 1.0454655745419252
  },
  "Fetch Order By Product ID-1" : {
    "transaction" : "Fetch Order By Product ID-1",
    "sampleCount" : 200,
    "errorCount" : 200,
    "errorPct" : 100.0,
    "meanResTime" : 482.7000000000001,
    "medianResTime" : 443.5,
    "minResTime" : 213.0,
    "maxResTime" : 3407.0,
    "pct1ResTime" : 674.9000000000001,
    "pct2ResTime" : 727.6499999999999,
    "pct3ResTime" : 1180.5300000000022,
    "throughput" : 1.488471786017296,
    "receivedKBytesPerSec" : 0.49276556197252275,
    "sentKBytesPerSec" : 0.4884048047869252
  },
  "Fetch Order By ID-1" : {
    "transaction" : "Fetch Order By ID-1",
    "sampleCount" : 200,
    "errorCount" : 200,
    "errorPct" : 100.0,
    "meanResTime" : 867.6399999999999,
    "medianResTime" : 781.5,
    "minResTime" : 514.0,
    "maxResTime" : 3947.0,
    "pct1ResTime" : 1017.1,
    "pct2ResTime" : 1213.5999999999997,
    "pct3ResTime" : 3907.99,
    "throughput" : 1.483910698254179,
    "receivedKBytesPerSec" : 0.5318312756438318,
    "sentKBytesPerSec" : 0.463722093204431
  },
  "Edit Order By ID-0" : {
    "transaction" : "Edit Order By ID-0",
    "sampleCount" : 200,
    "errorCount" : 0,
    "errorPct" : 0.0,
    "meanResTime" : 23.980000000000008,
    "medianResTime" : 23.0,
    "minResTime" : 18.0,
    "maxResTime" : 48.0,
    "pct1ResTime" : 27.900000000000006,
    "pct2ResTime" : 31.94999999999999,
    "pct3ResTime" : 47.91000000000008,
    "throughput" : 1.494064827472864,
    "receivedKBytesPerSec" : 0.5923733593300613,
    "sentKBytesPerSec" : 0.5719466917669558
  },
  "Fetch Product By ID-1" : {
    "transaction" : "Fetch Product By ID-1",
    "sampleCount" : 200,
    "errorCount" : 0,
    "errorPct" : 0.0,
    "meanResTime" : 415.91499999999996,
    "medianResTime" : 415.0,
    "minResTime" : 111.0,
    "maxResTime" : 1115.0,
    "pct1ResTime" : 586.5,
    "pct2ResTime" : 655.0,
    "pct3ResTime" : 862.95,
    "throughput" : 1.48822811560556,
    "receivedKBytesPerSec" : 1.2702259502336517,
    "sentKBytesPerSec" : 0.2441624252165372
  },
  "Fetch Product By ID-0" : {
    "transaction" : "Fetch Product By ID-0",
    "sampleCount" : 200,
    "errorCount" : 0,
    "errorPct" : 0.0,
    "meanResTime" : 23.865,
    "medianResTime" : 23.0,
    "minResTime" : 19.0,
    "maxResTime" : 47.0,
    "pct1ResTime" : 27.0,
    "pct2ResTime" : 30.0,
    "pct3ResTime" : 46.98000000000002,
    "throughput" : 1.4939197466312109,
    "receivedKBytesPerSec" : 0.5966925550509427,
    "sentKBytesPerSec" : 0.24509620843168303
  },
  "Fetch Order By ID" : {
    "transaction" : "Fetch Order By ID",
    "sampleCount" : 400,
    "errorCount" : 200,
    "errorPct" : 50.0,
    "meanResTime" : 927.0075000000004,
    "medianResTime" : 839.5,
    "minResTime" : 531.0,
    "maxResTime" : 3970.0,
    "pct1ResTime" : 1222.5000000000002,
    "pct2ResTime" : 1503.5499999999995,
    "pct3ResTime" : 3896.010000000002,
    "throughput" : 2.8751329749000893,
    "receivedKBytesPerSec" : 2.809150919323769,
    "sentKBytesPerSec" : 1.3659689377821225
  },
  "Fetch Order By ID-0" : {
    "transaction" : "Fetch Order By ID-0",
    "sampleCount" : 200,
    "errorCount" : 0,
    "errorPct" : 0.0,
    "meanResTime" : 24.08,
    "medianResTime" : 23.0,
    "minResTime" : 19.0,
    "maxResTime" : 55.0,
    "pct1ResTime" : 26.0,
    "pct2ResTime" : 32.94999999999999,
    "pct3ResTime" : 52.99000000000001,
    "throughput" : 1.4925484518541183,
    "receivedKBytesPerSec" : 0.5917721400905978,
    "sentKBytesPerSec" : 0.466421391204412
  },
  "Create Order-0" : {
    "transaction" : "Create Order-0",
    "sampleCount" : 200,
    "errorCount" : 0,
    "errorPct" : 0.0,
    "meanResTime" : 23.65000000000001,
    "medianResTime" : 23.0,
    "minResTime" : 19.0,
    "maxResTime" : 40.0,
    "pct1ResTime" : 26.0,
    "pct2ResTime" : 31.899999999999977,
    "pct3ResTime" : 37.97000000000003,
    "throughput" : 1.4717786444918686,
    "receivedKBytesPerSec" : 0.5763508168371477,
    "sentKBytesPerSec" : 0.6252184671425418
  },
  "Edit Order By ID" : {
    "transaction" : "Edit Order By ID",
    "sampleCount" : 200,
    "errorCount" : 200,
    "errorPct" : 100.0,
    "meanResTime" : 841.99,
    "medianResTime" : 753.5,
    "minResTime" : 463.0,
    "maxResTime" : 4227.0,
    "pct1ResTime" : 1102.7000000000003,
    "pct2ResTime" : 1233.6,
    "pct3ResTime" : 4017.140000000001,
    "throughput" : 1.484769972012086,
    "receivedKBytesPerSec" : 1.1208273323880298,
    "sentKBytesPerSec" : 1.0831280948174105
  },
  "Edit Order By Id-1" : {
    "transaction" : "Edit Order By Id-1",
    "sampleCount" : 200,
    "errorCount" : 0,
    "errorPct" : 0.0,
    "meanResTime" : 883.7949999999997,
    "medianResTime" : 800.0,
    "minResTime" : 492.0,
    "maxResTime" : 3822.0,
    "pct1ResTime" : 1244.4,
    "pct2ResTime" : 1459.0,
    "pct3ResTime" : 3391.310000000014,
    "throughput" : 1.45349893531203,
    "receivedKBytesPerSec" : 1.7459020414392548,
    "sentKBytesPerSec" : 0.5180928822157138
  },
  "Create Order-1" : {
    "transaction" : "Create Order-1",
    "sampleCount" : 200,